{
  "n11 main page" : {
    "transaction" : "n11 main page",
    "sampleCount" : 20,
    "errorCount" : 0,
    "errorPct" : 0.0,
    "meanResTime" : 675.7,
    "medianResTime" : 619.0,
    "minResTime" : 264.0,
    "maxResTime" : 1550.0,
    "pct1ResTime" : 1371.1000000000004,
    "pct2ResTime" : 1541.8,
    "pct3ResTime" : 1550.0,
    "throughput" : 6.8119891008174385,
    "receivedKBytesPerSec" : 1419.1738201422004,
    "sentKBytesPerSec" : 0.7583659741144414
  },
  "Total" : {
    "transaction" : "Total",
    "sampleCount" : 40,
    "errorCount" : 0,
    "errorPct" : 0.0,
    "meanResTime" : 408.45000000000005,
    "medianResTime" : 207.5,
    "minResTime" : 135.0,
    "maxResTime" : 1550.0,
    "pct1ResTime" : 1017.4,
    "pct2ResTime" : 1378.5499999999993,
    "pct3ResTime" : 1550.0,
    "throughput" : 12.99545159194282,
    "receivedKBytesPerSec" : 1741.2287047189734,
    "sentKBytesPerSec" : 20.90186403508772
  },
  "search [insider]" : {
    "transaction" : "search [insider]",
    "sampleCount" : 20,
    "errorCount" : 0,
    "errorPct" : 0.0,
    "meanResTime" : 141.2,
    "medianResTime" : 141.0,
    "minResTime" : 135.0,
    "maxResTime" : 151.0,
    "pct1ResTime" : 148.0,
    "pct2ResTime" : 150.85,
    "pct3ResTime" : 151.0,
    "throughput" : 12.674271229404308,
    "receivedKBytesPerSec" : 755.898363236692,
    "sentKBytesPerSec" : 39.35955323193916
  }
}